{
  "name": "",
  "dependencies": {
    "express": "registry:dt/express#4.0.0+20170118060322",
    "express-serve-static-core": "registry:dt/express-serve-static-core#4.0.0+20161228005052",
    "mime": "registry:dt/mime#0.0.0+20160428043022",
    "serve-static": "registry:dt/serve-static#1.7.1+20161128184045"
  },
  "globalDevDependencies": {
    "angular-protractor": "registry:dt/angular-protractor#1.5.0+20160425143459",
    "jasmine": "registry:dt/jasmine#2.2.0+20160505161446",
    "node": "registry:dt/node",
    "selenium-webdriver": "registry:dt/selenium-webdriver#2.44.0+20160317120654"
  },
  "globalDependencies": {
    "underscore": "registry:dt/underscore#1.8.3+20161123125004"
  }
}
